date,views,view_uniques,clones,clone_uniques,release_downloads,releases,stars,forks,note
2026-08-17,0,0,0,0,,,,,
2026-08-18,0,0,0,0,,,,,
2026-08-19,0,0,0,0,,,,,
2026-08-20,0,0,0,0,,,,,
2026-08-21,0,0,0,0,,,,,
2026-08-22,0,0,0,0,,,,,
2026-08-23,0,0,0,0,,,,,
2026-08-24,0,0,0,0,,,,,
2026-08-25,0,0,0,0,,,,,
2026-08-26,0,0,0,0,,,,,
2026-08-27,0,0,0,0,,,,,
2026-08-28,0,0,0,0,,,,,
2026-08-29,0,0,0,0,,,,,
2026-08-30,0,0,0,0,0,1,0,0,views:권한부족;clones:권한부족
2026-08-31,,,,,0,1,0,0,views:권한부족;clones:권한부족
2026-09-01,,,,,0,1,0,0,views:권한부족;clones:권한부족
